epoch;accuracy;loss;val_accuracy;val_loss
0;0.7577389;0.4922729090838862;0.821143627166748;0.3260878324508667
1;0.82806194;0.38132394029988254;0.8510638475418091;0.27700668573379517
